Name,Department,Phone,Email,Designation
MRS BALOGUN KEHINDE,Administration & Human Resources,08032000100,,Officer
MR ADEWALE TAYO,Administration & Human Resources,08032000101,,Officer
MISS OJO BLESSING,Administration & Human Resources,08032000102,,Officer
MR LAWAL KUNLE,Administration & Human Resources,08032000103,,Officer
MRS DANJUMA HALIMA,Administration & Human Resources,08032000104,,Officer
MR PETER GABRIEL,Administration & Human Resources,08032000105,,Officer
NURSE ADEBAYO RUTH,Accident & Emergency,08032000106,,Nurse
NURSE EZE CHIOMA,Accident & Emergency,08032000107,,Nurse
NURSE IBRAHIM HALIMA,Accident & Emergency,08032000108,,Nurse
NURSE OKONKWO IFEANYI,Accident & Emergency,08032000109,,Nurse
NURSE SULE GRACE,Accident & Emergency,08032000110,,Nurse
NURSE FALANA TOBI,Accident & Emergency,08032000111,,Nurse
MRS OLATUNJI BOLA,Finance & Accounts,08032000112,,Officer
MR FASHOLA SEGUN,Finance & Accounts,08032000113,,Officer
MISS DANJUMA AMINA,Finance & Accounts,08032000114,,Officer
MR NWOSU CHINEDU,Finance & Accounts,08032000115,,Officer
MRS ADEKOLA BISI,Finance & Accounts,08032000116,,Officer
MR HASSAN UMAR,Finance & Accounts,08032000117,,Officer
MR AKANDE SEUN,Finance & Accounts,08032000118,,Officer
MRS UCHE NKECHI,Finance & Accounts,08032000119,,Officer
MR YUSUF BASHIR,Finance & Accounts,08032000120,,Officer
MISS ADEKUNLE TIWA,Finance & Accounts,08032000121,,Officer
MR OKAFOR JUDE,Finance & Accounts,08032000122,,Officer
MRS BELLO RAMAT,Finance & Accounts,08032000123,,Officer
MRS SALAMI YETUNDE,Administration & Human Resources,08032000124,,Officer
MR OKORO EMEKA,Administration & Human Resources,08032000125,,Officer
MISS BELLO FATIMA,Administration & Human Resources,08032000126,,Officer
MR AJAYI GBENGA,Administration & Human Resources,08032000127,,Officer
MRS IBE CHIOMA,Administration & Human Resources,08032000128,,Officer
MR SANUSI KOLA,Administration & Human Resources,08032000129,,Officer
NURSE OYENIRAN JOY,Accident & Emergency,08032000130,,Nurse
NURSE MUSA HADIZA,Accident & Emergency,08032000131,,Nurse
NURSE CHUKWU EMMANUEL,Accident & Emergency,08032000132,,Nurse
NURSE ADEKOLA FUNKE,Accident & Emergency,08032000133,,Nurse
DR SALAMI KOLA,Accident & Emergency,08032000134,,Nurse
DR NNAMDI OBINNA,Accident & Emergency,08032000135,,Nurse
DR ADEYEMI FOLASHADE,Family Medicine / General Outpatient,08032000136,,Doctor
DR BAKARE TUNDE,Family Medicine / General Outpatient,08032000137,,Doctor
DR OBIADA NNEKA,Family Medicine / General Outpatient,08032000138,,Doctor
DR GARBA USMAN,Family Medicine / General Outpatient,08032000139,,Doctor
DR EZE NGOZI,Surgery,08032000140,,Doctor
DR WILLIAMS KAYODE,Surgery,08032000141,,Doctor
DR BAKARE AMINA,Internal Medicine,08032000142,,Doctor
DR OKECHUKWU PAUL,Internal Medicine,08032000143,,Doctor
DR FALANA TEMITOPE,Dental Services,08032000144,,Doctor
DR IDRIS ZAINAB,Dental Services,08032000145,,Doctor
NURSE AINA MOJISOLA,Obstetrics & Gynaecology,08032000146,,Nurse
NURSE HASSAN RAMAT,Obstetrics & Gynaecology,08032000147,,Nurse
MIDWIFE OKE GRACE,Obstetrics & Gynaecology,08032000148,,Nurse
NURSE PETER GLORY,Obstetrics & Gynaecology,08032000149,,Nurse
MIDWIFE SULAIMAN HAUWA,Obstetrics & Gynaecology,08032000150,,Nurse
NURSE IDOWU PEACE,Obstetrics & Gynaecology,08032000151,,Nurse
DR OKOYE ADA,Obstetrics & Gynaecology,08032000152,,Doctor
DR LAWAL RASHEED,Obstetrics & Gynaecology,08032000153,,Doctor
DR SOWUNMI DEBORAH,Ophthalmology (Eye Clinic),08032000154,,Doctor
DR ALIYU MUSA,Ophthalmology (Eye Clinic),08032000155,,Doctor
DR NWOSU CHIDI,Paediatrics,08032000156,,Doctor
DR ADETOLA BUNMI,Paediatrics,08032000157,,Doctor
MR OGUNLEYE SEUN,Physiotherapy,08032000158,,Officer
MISS UDOH PATIENCE,Physiotherapy,08032000159,,Officer
MRS ADEGBITE FOLUKE,Administration & Human Resources,08032000160,,Officer
MR CHUKWUEMEKA PAUL,Administration & Human Resources,08032000161,,Officer
NURSE JOHNSON TOPE,Internal Medicine,08032000162,,Nurse
NURSE ABDULLAHI SULE,Internal Medicine,08032000163,,Nurse
NURSE IKE CHIAMAKA,Internal Medicine,08032000164,,Nurse
NURSE BAMGBOSE LANRE,Internal Medicine,08032000165,,Nurse
NURSE HARUNA AISHA,Internal Medicine,08032000166,,Nurse
NURSE OKAFOR JUDE B,Internal Medicine,08032000167,,Nurse
NURSE OGUNSANYA PEACE,Internal Medicine,08032000168,,Nurse
NURSE BELLO ZAINAB,Internal Medicine,08032000169,,Nurse
NURSE EMEKA BLESSING,Internal Medicine,08032000170,,Nurse
NURSE AINA RUTH,Internal Medicine,08032000171,,Nurse
NURSE SULEIMAN HALIMA,Internal Medicine,08032000172,,Nurse
NURSE CHIDI AMARA,Internal Medicine,08032000173,,Nurse
NURSE AYODELE KUNLE,Surgery,08032000174,,Nurse
NURSE UMEH COLLINS,Surgery,08032000175,,Nurse
NURSE BALA YUSUF,Surgery,08032000176,,Nurse
NURSE OGUNBIYI TAYO,Surgery,08032000177,,Nurse
NURSE EDET SUNDAY,Surgery,08032000178,,Nurse
NURSE MUSA IBRAHIM,Surgery,08032000179,,Nurse
NURSE ADEWALE BLESSING,Surgery,08032000180,,Nurse
NURSE OKON GLORY,Surgery,08032000181,,Nurse
NURSE YUSUF AISHA,Surgery,08032000182,,Nurse
NURSE NNAMANI JOY,Surgery,08032000183,,Nurse
NURSE FADIPE KEMI,Surgery,08032000184,,Nurse
NURSE PETER RUTH,Surgery,08032000185,,Nurse
MIDWIFE ADEWUMI JOY,Obstetrics & Gynaecology,08032000186,,Nurse
NURSE KAREEM LATEEFAT,Obstetrics & Gynaecology,08032000187,,Nurse
MIDWIFE ONUOHA FAITH,Obstetrics & Gynaecology,08032000188,,Nurse
NURSE BALA SAFIYA,Obstetrics & Gynaecology,08032000189,,Nurse
NURSE OJO MARY,Obstetrics & Gynaecology,08032000190,,Nurse
MIDWIFE EKANEM EDIDIONG,Obstetrics & Gynaecology,08032000191,,Nurse
NURSE ADEKUNLE TOLA,Paediatrics,08032000192,,Nurse
NURSE CHUKWU PRECIOUS,Paediatrics,08032000193,,Nurse
NURSE MUSA AMINA,Paediatrics,08032000194,,Nurse
NURSE OBI UGOCHI,Paediatrics,08032000195,,Nurse
NURSE LAWAL KEMI,Paediatrics,08032000196,,Nurse
NURSE PETER DANIEL,Paediatrics,08032000197,,Nurse
